<?xml version="1.0" encoding="UTF-8"?>
<project-private xmlns="http://www.netbeans.org/ns/project-private/1">
    <editor-bookmarks xmlns="http://www.netbeans.org/ns/editor-bookmarks/2" lastBookmarkId="0"/>
    <open-files xmlns="http://www.netbeans.org/ns/projectui-open-files/2">
        <group>
            <file>file:/C:/Users/Elcot/Documents/NetBeansProjects/Form/web/signin.html</file>
            <file>file:/C:/Users/Elcot/Documents/NetBeansProjects/Form/web/saverrecord.jsp</file>
            <file>file:/C:/Users/Elcot/Documents/NetBeansProjects/Form/web/validate.jsp</file>
            <file>file:/C:/Users/Elcot/Documents/NetBeansProjects/Form/web/index.html</file>
            <file>file:/C:/Users/Elcot/Documents/NetBeansProjects/Form/web/quespage.jsp</file>
        </group>
    </open-files>
</project-private>
